이벤트ID,학교ID,학교명,학년구분,지역,차시,총차시,수업일자,수업요일,수업교시,배정앙꼬,배정앙꼬명,준비물,발송상태,수업상태,담당교사
CAL-0001,SCH-001,새빛고등학교,고등,서울,1,4,2026-03-11,수요일,1-2교시,ANGKO-02,앙꼬2(현지),"오리엔테이션 워크북, 명찰 53장, 포스트잇 5색",배송완료,완료,한수영 선생님
CAL-0002,SCH-001,새빛고등학교,고등,서울,2,4,2026-03-18,수요일,1-2교시,ANGKO-02,앙꼬2(현지),"아이디어 발상 카드, 워크북 2차시, A3 도화지",배송완료,완료,한수영 선생님
CAL-0003,SCH-001,새빛고등학교,고등,서울,3,4,2026-03-25,수요일,1-2교시,ANGKO-02,앙꼬2(현지),"비즈니스 모델 캔버스, 색연필 세트, 워크북 3차시",배송완료,완료,한수영 선생님
CAL-0004,SCH-001,새빛고등학교,고등,서울,4,4,2026-04-01,수요일,1-2교시,ANGKO-02,앙꼬2(현지),"프로토타입 재료(레고/지점토), 워크북 4차시",배송완료,완료,한수영 선생님
CAL-0005,SCH-002,한울중학교,중등,서울,1,6,2026-04-01,수요일,1-2교시,ANGKO-01,앙꼬1(주영),"오리엔테이션 워크북, 명찰 53장, 포스트잇 5색",배송완료,완료,장다은 선생님
CAL-0006,SCH-002,한울중학교,중등,서울,2,6,2026-04-08,수요일,1-2교시,ANGKO-01,앙꼬1(주영),"아이디어 발상 카드, 워크북 2차시, A3 도화지",배송완료,완료,장다은 선생님
CAL-0007,SCH-002,한울중학교,중등,서울,3,6,2026-04-15,수요일,1-2교시,ANGKO-01,앙꼬1(주영),"비즈니스 모델 캔버스, 색연필 세트, 워크북 3차시",배송완료,완료,장다은 선생님
CAL-0008,SCH-002,한울중학교,중등,서울,4,6,2026-04-22,수요일,1-2교시,ANGKO-01,앙꼬1(주영),"프로토타입 재료(레고/지점토), 워크북 4차시",배송완료,완료,장다은 선생님
CAL-0009,SCH-002,한울중학교,중등,서울,5,6,2026-04-29,수요일,1-2교시,ANGKO-01,앙꼬1(주영),"발표 자료 인쇄, 평가표, 워크북 5차시",배송완료,완료,장다은 선생님
CAL-0010,SCH-002,한울중학교,중등,서울,6,6,2026-05-13,수요일,1-2교시,ANGKO-01,앙꼬1(주영),"최종 발표 워크북, 수료증 양식, 스티커",배송완료,완료,장다은 선생님
CAL-0011,SCH-003,푸른중학교,중등,서울,1,6,2026-04-15,수요일,6-7교시,ANGKO-02,앙꼬2(현지),"오리엔테이션 워크북, 명찰 53장, 포스트잇 5색",배송완료,완료,강혜진 선생님
CAL-0012,SCH-003,푸른중학교,중등,서울,2,6,2026-04-22,수요일,6-7교시,ANGKO-02,앙꼬2(현지),"아이디어 발상 카드, 워크북 2차시, A3 도화지",배송완료,완료,강혜진 선생님
CAL-0013,SCH-003,푸른중학교,중등,서울,3,6,2026-04-29,수요일,6-7교시,ANGKO-02,앙꼬2(현지),"비즈니스 모델 캔버스, 색연필 세트, 워크북 3차시",배송완료,완료,강혜진 선생님
CAL-0014,SCH-003,푸른중학교,중등,서울,4,6,2026-05-06,수요일,6-7교시,ANGKO-02,앙꼬2(현지),"프로토타입 재료(레고/지점토), 워크북 4차시",배송완료,완료,강혜진 선생님
CAL-0015,SCH-003,푸른중학교,중등,서울,5,6,2026-05-13,수요일,6-7교시,ANGKO-02,앙꼬2(현지),"발표 자료 인쇄, 평가표, 워크북 5차시",배송완료,완료,강혜진 선생님
CAL-0016,SCH-003,푸른중학교,중등,서울,6,6,2026-05-20,수요일,6-7교시,ANGKO-02,앙꼬2(현지),"최종 발표 워크북, 수료증 양식, 스티커",발송완료,예정,강혜진 선생님
CAL-0017,SCH-004,햇살특성화고,고등,서울,1,4,2026-03-25,수요일,5-6교시,ANGKO-01,앙꼬1(주영),"오리엔테이션 워크북, 명찰 53장, 포스트잇 5색",배송완료,완료,강혜진 선생님
CAL-0018,SCH-004,햇살특성화고,고등,서울,2,4,2026-04-01,수요일,5-6교시,ANGKO-01,앙꼬1(주영),"아이디어 발상 카드, 워크북 2차시, A3 도화지",배송완료,완료,강혜진 선생님
CAL-0019,SCH-004,햇살특성화고,고등,서울,3,4,2026-04-15,수요일,5-6교시,ANGKO-01,앙꼬1(주영),"비즈니스 모델 캔버스, 색연필 세트, 워크북 3차시",배송완료,완료,강혜진 선생님
CAL-0020,SCH-004,햇살특성화고,고등,서울,4,4,2026-04-22,수요일,5-6교시,ANGKO-01,앙꼬1(주영),"프로토타입 재료(레고/지점토), 워크북 4차시",배송완료,완료,강혜진 선생님
CAL-0021,SCH-005,맑은고등학교,고등,서울,1,4,2026-04-01,수요일,5-6교시,ANGKO-02,앙꼬2(현지),"오리엔테이션 워크북, 명찰 53장, 포스트잇 5색",배송완료,완료,임다은 선생님
CAL-0022,SCH-005,맑은고등학교,고등,서울,2,4,2026-04-08,수요일,5-6교시,ANGKO-02,앙꼬2(현지),"아이디어 발상 카드, 워크북 2차시, A3 도화지",배송완료,완료,임다은 선생님
CAL-0023,SCH-005,맑은고등학교,고등,서울,3,4,2026-04-15,수요일,5-6교시,ANGKO-02,앙꼬2(현지),"비즈니스 모델 캔버스, 색연필 세트, 워크북 3차시",배송완료,완료,임다은 선생님
CAL-0024,SCH-005,맑은고등학교,고등,서울,4,4,2026-04-22,수요일,5-6교시,ANGKO-02,앙꼬2(현지),"프로토타입 재료(레고/지점토), 워크북 4차시",배송완료,완료,임다은 선생님
CAL-0025,SCH-006,큰빛중학교,중등,서울,1,6,2026-04-15,수요일,1-2교시,ANGKO-02,앙꼬2(현지),"오리엔테이션 워크북, 명찰 53장, 포스트잇 5색",배송완료,완료,조혜진 선생님
CAL-0026,SCH-006,큰빛중학교,중등,서울,2,6,2026-04-22,수요일,1-2교시,ANGKO-02,앙꼬2(현지),"아이디어 발상 카드, 워크북 2차시, A3 도화지",배송완료,완료,조혜진 선생님
CAL-0027,SCH-006,큰빛중학교,중등,서울,3,6,2026-04-29,수요일,1-2교시,ANGKO-02,앙꼬2(현지),"비즈니스 모델 캔버스, 색연필 세트, 워크북 3차시",배송완료,완료,조혜진 선생님
CAL-0028,SCH-006,큰빛중학교,중등,서울,4,6,2026-05-06,수요일,1-2교시,ANGKO-02,앙꼬2(현지),"프로토타입 재료(레고/지점토), 워크북 4차시",배송완료,완료,조혜진 선생님
CAL-0029,SCH-006,큰빛중학교,중등,서울,5,6,2026-05-13,수요일,1-2교시,ANGKO-02,앙꼬2(현지),"발표 자료 인쇄, 평가표, 워크북 5차시",배송완료,완료,조혜진 선생님
CAL-0030,SCH-006,큰빛중학교,중등,서울,6,6,2026-05-20,수요일,1-2교시,ANGKO-02,앙꼬2(현지),"최종 발표 워크북, 수료증 양식, 스티커",발송완료,예정,조혜진 선생님
CAL-0031,SCH-007,수정중학교,중등,서울,1,8,2026-04-08,수요일,3-4교시,ANGKO-01,앙꼬1(주영),"오리엔테이션 워크북, 명찰 53장, 포스트잇 5색",배송완료,완료,장성민 선생님
CAL-0032,SCH-007,수정중학교,중등,서울,2,8,2026-04-15,수요일,3-4교시,ANGKO-01,앙꼬1(주영),"아이디어 발상 카드, 워크북 2차시, A3 도화지",배송완료,완료,장성민 선생님
CAL-0033,SCH-007,수정중학교,중등,서울,3,8,2026-04-29,수요일,3-4교시,ANGKO-01,앙꼬1(주영),"비즈니스 모델 캔버스, 색연필 세트, 워크북 3차시",배송완료,완료,장성민 선생님
CAL-0034,SCH-007,수정중학교,중등,서울,4,8,2026-05-06,수요일,3-4교시,ANGKO-01,앙꼬1(주영),"프로토타입 재료(레고/지점토), 워크북 4차시",배송완료,완료,장성민 선생님
CAL-0035,SCH-007,수정중학교,중등,서울,5,8,2026-05-13,수요일,3-4교시,ANGKO-01,앙꼬1(주영),"발표 자료 인쇄, 평가표, 워크북 5차시",배송완료,완료,장성민 선생님
CAL-0036,SCH-007,수정중학교,중등,서울,6,8,2026-05-20,수요일,3-4교시,ANGKO-01,앙꼬1(주영),"최종 발표 워크북, 수료증 양식, 스티커",미발송,예정,장성민 선생님
CAL-0037,SCH-007,수정중학교,중등,서울,7,8,2026-05-27,수요일,3-4교시,ANGKO-01,앙꼬1(주영),심화 워크북 7차시,미발송,예정,장성민 선생님
CAL-0038,SCH-007,수정중학교,중등,서울,8,8,2026-06-03,수요일,3-4교시,ANGKO-01,앙꼬1(주영),심화 워크북 8차시,미발송,예정,장성민 선생님
CAL-0039,SCH-008,성실중학교,중등,서울,1,6,2026-03-11,수요일,5-6교시,ANGKO-02,앙꼬2(현지),"오리엔테이션 워크북, 명찰 53장, 포스트잇 5색",배송완료,완료,조혜진 선생님
CAL-0040,SCH-008,성실중학교,중등,서울,2,6,2026-03-18,수요일,5-6교시,ANGKO-02,앙꼬2(현지),"아이디어 발상 카드, 워크북 2차시, A3 도화지",배송완료,완료,조혜진 선생님
CAL-0041,SCH-008,성실중학교,중등,서울,3,6,2026-03-25,수요일,5-6교시,ANGKO-02,앙꼬2(현지),"비즈니스 모델 캔버스, 색연필 세트, 워크북 3차시",배송완료,완료,조혜진 선생님
CAL-0042,SCH-008,성실중학교,중등,서울,4,6,2026-04-01,수요일,5-6교시,ANGKO-02,앙꼬2(현지),"프로토타입 재료(레고/지점토), 워크북 4차시",배송완료,완료,조혜진 선생님
CAL-0043,SCH-008,성실중학교,중등,서울,5,6,2026-04-08,수요일,5-6교시,ANGKO-02,앙꼬2(현지),"발표 자료 인쇄, 평가표, 워크북 5차시",배송완료,완료,조혜진 선생님
CAL-0044,SCH-008,성실중학교,중등,서울,6,6,2026-04-15,수요일,5-6교시,ANGKO-02,앙꼬2(현지),"최종 발표 워크북, 수료증 양식, 스티커",배송완료,완료,조혜진 선생님
CAL-0045,SCH-009,동성특성화고,고등,서울,1,6,2026-03-25,수요일,3-4교시,ANGKO-01,앙꼬1(주영),"오리엔테이션 워크북, 명찰 53장, 포스트잇 5색",배송완료,완료,정예진 선생님
CAL-0046,SCH-009,동성특성화고,고등,서울,2,6,2026-04-01,수요일,3-4교시,ANGKO-01,앙꼬1(주영),"아이디어 발상 카드, 워크북 2차시, A3 도화지",배송완료,완료,정예진 선생님
CAL-0047,SCH-009,동성특성화고,고등,서울,3,6,2026-04-08,수요일,3-4교시,ANGKO-01,앙꼬1(주영),"비즈니스 모델 캔버스, 색연필 세트, 워크북 3차시",배송완료,완료,정예진 선생님
CAL-0048,SCH-009,동성특성화고,고등,서울,4,6,2026-04-22,수요일,3-4교시,ANGKO-01,앙꼬1(주영),"프로토타입 재료(레고/지점토), 워크북 4차시",배송완료,완료,정예진 선생님
CAL-0049,SCH-009,동성특성화고,고등,서울,5,6,2026-04-29,수요일,3-4교시,ANGKO-01,앙꼬1(주영),"발표 자료 인쇄, 평가표, 워크북 5차시",배송완료,완료,정예진 선생님
CAL-0050,SCH-009,동성특성화고,고등,서울,6,6,2026-05-06,수요일,3-4교시,ANGKO-01,앙꼬1(주영),"최종 발표 워크북, 수료증 양식, 스티커",배송완료,완료,정예진 선생님
CAL-0051,SCH-010,예원중학교,중등,서울,1,8,2026-03-11,수요일,6-7교시,ANGKO-02,앙꼬2(현지),"오리엔테이션 워크북, 명찰 53장, 포스트잇 5색",배송완료,완료,이지훈 선생님
CAL-0052,SCH-010,예원중학교,중등,서울,2,8,2026-03-18,수요일,6-7교시,ANGKO-02,앙꼬2(현지),"아이디어 발상 카드, 워크북 2차시, A3 도화지",배송완료,완료,이지훈 선생님
CAL-0053,SCH-010,예원중학교,중등,서울,3,8,2026-04-01,수요일,6-7교시,ANGKO-02,앙꼬2(현지),"비즈니스 모델 캔버스, 색연필 세트, 워크북 3차시",배송완료,완료,이지훈 선생님
CAL-0054,SCH-010,예원중학교,중등,서울,4,8,2026-04-08,수요일,6-7교시,ANGKO-02,앙꼬2(현지),"프로토타입 재료(레고/지점토), 워크북 4차시",배송완료,완료,이지훈 선생님
CAL-0055,SCH-010,예원중학교,중등,서울,5,8,2026-04-15,수요일,6-7교시,ANGKO-02,앙꼬2(현지),"발표 자료 인쇄, 평가표, 워크북 5차시",배송완료,완료,이지훈 선생님
CAL-0056,SCH-010,예원중학교,중등,서울,6,8,2026-04-22,수요일,6-7교시,ANGKO-02,앙꼬2(현지),"최종 발표 워크북, 수료증 양식, 스티커",배송완료,완료,이지훈 선생님
CAL-0057,SCH-010,예원중학교,중등,서울,7,8,2026-04-29,수요일,6-7교시,ANGKO-02,앙꼬2(현지),심화 워크북 7차시,배송완료,완료,이지훈 선생님
CAL-0058,SCH-010,예원중학교,중등,서울,8,8,2026-05-06,수요일,6-7교시,ANGKO-02,앙꼬2(현지),심화 워크북 8차시,배송완료,완료,이지훈 선생님
CAL-0059,SCH-011,한솔중학교,중등,서울,1,6,2026-03-25,수요일,6-7교시,ANGKO-02,앙꼬2(현지),"오리엔테이션 워크북, 명찰 53장, 포스트잇 5색",배송완료,완료,장혜진 선생님
CAL-0060,SCH-011,한솔중학교,중등,서울,2,6,2026-04-01,수요일,6-7교시,ANGKO-02,앙꼬2(현지),"아이디어 발상 카드, 워크북 2차시, A3 도화지",배송완료,완료,장혜진 선생님
CAL-0061,SCH-011,한솔중학교,중등,서울,3,6,2026-04-08,수요일,6-7교시,ANGKO-02,앙꼬2(현지),"비즈니스 모델 캔버스, 색연필 세트, 워크북 3차시",배송완료,완료,장혜진 선생님
CAL-0062,SCH-011,한솔중학교,중등,서울,4,6,2026-04-15,수요일,6-7교시,ANGKO-02,앙꼬2(현지),"프로토타입 재료(레고/지점토), 워크북 4차시",배송완료,완료,장혜진 선생님
CAL-0063,SCH-011,한솔중학교,중등,서울,5,6,2026-04-22,수요일,6-7교시,ANGKO-02,앙꼬2(현지),"발표 자료 인쇄, 평가표, 워크북 5차시",배송완료,완료,장혜진 선생님
CAL-0064,SCH-011,한솔중학교,중등,서울,6,6,2026-04-29,수요일,6-7교시,ANGKO-02,앙꼬2(현지),"최종 발표 워크북, 수료증 양식, 스티커",배송완료,완료,장혜진 선생님
CAL-0065,SCH-012,다온고등학교,고등,서울,1,6,2026-03-04,수요일,6-7교시,ANGKO-02,앙꼬2(현지),"오리엔테이션 워크북, 명찰 53장, 포스트잇 5색",배송완료,완료,박유진 선생님
CAL-0066,SCH-012,다온고등학교,고등,서울,2,6,2026-03-11,수요일,6-7교시,ANGKO-02,앙꼬2(현지),"아이디어 발상 카드, 워크북 2차시, A3 도화지",배송완료,완료,박유진 선생님
CAL-0067,SCH-012,다온고등학교,고등,서울,3,6,2026-03-18,수요일,6-7교시,ANGKO-02,앙꼬2(현지),"비즈니스 모델 캔버스, 색연필 세트, 워크북 3차시",배송완료,완료,박유진 선생님
CAL-0068,SCH-012,다온고등학교,고등,서울,4,6,2026-03-25,수요일,6-7교시,ANGKO-02,앙꼬2(현지),"프로토타입 재료(레고/지점토), 워크북 4차시",배송완료,완료,박유진 선생님
CAL-0069,SCH-012,다온고등학교,고등,서울,5,6,2026-04-01,수요일,6-7교시,ANGKO-02,앙꼬2(현지),"발표 자료 인쇄, 평가표, 워크북 5차시",배송완료,완료,박유진 선생님
CAL-0070,SCH-012,다온고등학교,고등,서울,6,6,2026-04-08,수요일,6-7교시,ANGKO-02,앙꼬2(현지),"최종 발표 워크북, 수료증 양식, 스티커",배송완료,완료,박유진 선생님
CAL-0071,SCH-013,은하자율형사립고,고등,경기,1,4,2026-04-15,수요일,3-4교시,ANGKO-01,앙꼬1(주영),"오리엔테이션 워크북, 명찰 53장, 포스트잇 5색",배송완료,완료,박지원 선생님
CAL-0072,SCH-013,은하자율형사립고,고등,경기,2,4,2026-04-22,수요일,3-4교시,ANGKO-01,앙꼬1(주영),"아이디어 발상 카드, 워크북 2차시, A3 도화지",배송완료,완료,박지원 선생님
CAL-0073,SCH-013,은하자율형사립고,고등,경기,3,4,2026-04-29,수요일,3-4교시,ANGKO-01,앙꼬1(주영),"비즈니스 모델 캔버스, 색연필 세트, 워크북 3차시",배송완료,완료,박지원 선생님
CAL-0074,SCH-013,은하자율형사립고,고등,경기,4,4,2026-05-06,수요일,3-4교시,ANGKO-01,앙꼬1(주영),"프로토타입 재료(레고/지점토), 워크북 4차시",배송완료,완료,박지원 선생님
CAL-0075,SCH-014,송림중학교,중등,경기,1,6,2026-04-01,수요일,6-7교시,ANGKO-03,앙꼬3(나윤),"오리엔테이션 워크북, 명찰 53장, 포스트잇 5색",배송완료,완료,김현우 선생님
CAL-0076,SCH-014,송림중학교,중등,경기,2,6,2026-04-08,수요일,6-7교시,ANGKO-03,앙꼬3(나윤),"아이디어 발상 카드, 워크북 2차시, A3 도화지",배송완료,완료,김현우 선생님
CAL-0077,SCH-014,송림중학교,중등,경기,3,6,2026-04-15,수요일,6-7교시,ANGKO-03,앙꼬3(나윤),"비즈니스 모델 캔버스, 색연필 세트, 워크북 3차시",배송완료,완료,김현우 선생님
CAL-0078,SCH-014,송림중학교,중등,경기,4,6,2026-04-22,수요일,6-7교시,ANGKO-03,앙꼬3(나윤),"프로토타입 재료(레고/지점토), 워크북 4차시",배송완료,완료,김현우 선생님
CAL-0079,SCH-014,송림중학교,중등,경기,5,6,2026-04-29,수요일,6-7교시,ANGKO-03,앙꼬3(나윤),"발표 자료 인쇄, 평가표, 워크북 5차시",배송완료,완료,김현우 선생님
CAL-0080,SCH-014,송림중학교,중등,경기,6,6,2026-05-06,수요일,6-7교시,ANGKO-03,앙꼬3(나윤),"최종 발표 워크북, 수료증 양식, 스티커",배송완료,완료,김현우 선생님
CAL-0081,SCH-015,백양고등학교,고등,경기,1,4,2026-03-04,수요일,1-2교시,ANGKO-02,앙꼬2(현지),"오리엔테이션 워크북, 명찰 53장, 포스트잇 5색",배송완료,완료,이태영 선생님
CAL-0082,SCH-015,백양고등학교,고등,경기,2,4,2026-03-11,수요일,1-2교시,ANGKO-02,앙꼬2(현지),"아이디어 발상 카드, 워크북 2차시, A3 도화지",배송완료,완료,이태영 선생님
CAL-0083,SCH-015,백양고등학교,고등,경기,3,4,2026-03-18,수요일,1-2교시,ANGKO-02,앙꼬2(현지),"비즈니스 모델 캔버스, 색연필 세트, 워크북 3차시",배송완료,완료,이태영 선생님
CAL-0084,SCH-015,백양고등학교,고등,경기,4,4,2026-03-25,수요일,1-2교시,ANGKO-02,앙꼬2(현지),"프로토타입 재료(레고/지점토), 워크북 4차시",배송완료,완료,이태영 선생님
CAL-0085,SCH-016,청솔자율형사립고,고등,경기,1,4,2026-04-08,수요일,3-4교시,ANGKO-01,앙꼬1(주영),"오리엔테이션 워크북, 명찰 53장, 포스트잇 5색",배송완료,완료,정재훈 선생님
CAL-0086,SCH-016,청솔자율형사립고,고등,경기,2,4,2026-04-15,수요일,3-4교시,ANGKO-01,앙꼬1(주영),"아이디어 발상 카드, 워크북 2차시, A3 도화지",배송완료,완료,정재훈 선생님
CAL-0087,SCH-016,청솔자율형사립고,고등,경기,3,4,2026-04-22,수요일,3-4교시,ANGKO-01,앙꼬1(주영),"비즈니스 모델 캔버스, 색연필 세트, 워크북 3차시",배송완료,완료,정재훈 선생님
CAL-0088,SCH-016,청솔자율형사립고,고등,경기,4,4,2026-04-29,수요일,3-4교시,ANGKO-01,앙꼬1(주영),"프로토타입 재료(레고/지점토), 워크북 4차시",배송완료,완료,정재훈 선생님
CAL-0089,SCH-017,도담특성화고,고등,경기,1,4,2026-04-08,수요일,6-7교시,ANGKO-03,앙꼬3(나윤),"오리엔테이션 워크북, 명찰 53장, 포스트잇 5색",배송완료,완료,한지원 선생님
CAL-0090,SCH-017,도담특성화고,고등,경기,2,4,2026-04-15,수요일,6-7교시,ANGKO-03,앙꼬3(나윤),"아이디어 발상 카드, 워크북 2차시, A3 도화지",배송완료,완료,한지원 선생님
CAL-0091,SCH-017,도담특성화고,고등,경기,3,4,2026-04-22,수요일,6-7교시,ANGKO-03,앙꼬3(나윤),"비즈니스 모델 캔버스, 색연필 세트, 워크북 3차시",배송완료,완료,한지원 선생님
CAL-0092,SCH-017,도담특성화고,고등,경기,4,4,2026-04-29,수요일,6-7교시,ANGKO-03,앙꼬3(나윤),"프로토타입 재료(레고/지점토), 워크북 4차시",배송완료,완료,한지원 선생님
CAL-0093,SCH-018,유진중학교,중등,경기,1,6,2026-03-18,수요일,3-4교시,ANGKO-01,앙꼬1(주영),"오리엔테이션 워크북, 명찰 53장, 포스트잇 5색",배송완료,완료,임성민 선생님
CAL-0094,SCH-018,유진중학교,중등,경기,2,6,2026-03-25,수요일,3-4교시,ANGKO-01,앙꼬1(주영),"아이디어 발상 카드, 워크북 2차시, A3 도화지",배송완료,완료,임성민 선생님
CAL-0095,SCH-018,유진중학교,중등,경기,3,6,2026-04-01,수요일,3-4교시,ANGKO-01,앙꼬1(주영),"비즈니스 모델 캔버스, 색연필 세트, 워크북 3차시",배송완료,완료,임성민 선생님
CAL-0096,SCH-018,유진중학교,중등,경기,4,6,2026-04-08,수요일,3-4교시,ANGKO-01,앙꼬1(주영),"프로토타입 재료(레고/지점토), 워크북 4차시",배송완료,완료,임성민 선생님
CAL-0097,SCH-018,유진중학교,중등,경기,5,6,2026-04-22,수요일,3-4교시,ANGKO-01,앙꼬1(주영),"발표 자료 인쇄, 평가표, 워크북 5차시",배송완료,완료,임성민 선생님
CAL-0098,SCH-018,유진중학교,중등,경기,6,6,2026-04-29,수요일,3-4교시,ANGKO-01,앙꼬1(주영),"최종 발표 워크북, 수료증 양식, 스티커",배송완료,완료,임성민 선생님
CAL-0099,SCH-019,선린고등학교,고등,경기,1,4,2026-03-04,수요일,1-2교시,ANGKO-01,앙꼬1(주영),"오리엔테이션 워크북, 명찰 53장, 포스트잇 5색",배송완료,완료,장성민 선생님
CAL-0100,SCH-019,선린고등학교,고등,경기,2,4,2026-03-11,수요일,1-2교시,ANGKO-01,앙꼬1(주영),"아이디어 발상 카드, 워크북 2차시, A3 도화지",배송완료,완료,장성민 선생님
CAL-0101,SCH-019,선린고등학교,고등,경기,3,4,2026-03-18,수요일,1-2교시,ANGKO-01,앙꼬1(주영),"비즈니스 모델 캔버스, 색연필 세트, 워크북 3차시",배송완료,완료,장성민 선생님
CAL-0102,SCH-019,선린고등학교,고등,경기,4,4,2026-03-25,수요일,1-2교시,ANGKO-01,앙꼬1(주영),"프로토타입 재료(레고/지점토), 워크북 4차시",배송완료,완료,장성민 선생님
CAL-0103,SCH-020,정원중학교,중등,경기,1,8,2026-03-11,수요일,6-7교시,ANGKO-03,앙꼬3(나윤),"오리엔테이션 워크북, 명찰 53장, 포스트잇 5색",배송완료,완료,최현우 선생님
CAL-0104,SCH-020,정원중학교,중등,경기,2,8,2026-03-18,수요일,6-7교시,ANGKO-03,앙꼬3(나윤),"아이디어 발상 카드, 워크북 2차시, A3 도화지",배송완료,완료,최현우 선생님
CAL-0105,SCH-020,정원중학교,중등,경기,3,8,2026-03-25,수요일,6-7교시,ANGKO-03,앙꼬3(나윤),"비즈니스 모델 캔버스, 색연필 세트, 워크북 3차시",배송완료,완료,최현우 선생님
CAL-0106,SCH-020,정원중학교,중등,경기,4,8,2026-04-01,수요일,6-7교시,ANGKO-03,앙꼬3(나윤),"프로토타입 재료(레고/지점토), 워크북 4차시",배송완료,완료,최현우 선생님
CAL-0107,SCH-020,정원중학교,중등,경기,5,8,2026-04-08,수요일,6-7교시,ANGKO-03,앙꼬3(나윤),"발표 자료 인쇄, 평가표, 워크북 5차시",배송완료,완료,최현우 선생님
CAL-0108,SCH-020,정원중학교,중등,경기,6,8,2026-04-15,수요일,6-7교시,ANGKO-03,앙꼬3(나윤),"최종 발표 워크북, 수료증 양식, 스티커",배송완료,완료,최현우 선생님
CAL-0109,SCH-020,정원중학교,중등,경기,7,8,2026-04-22,수요일,6-7교시,ANGKO-03,앙꼬3(나윤),심화 워크북 7차시,배송완료,완료,최현우 선생님
CAL-0110,SCH-020,정원중학교,중등,경기,8,8,2026-04-29,수요일,6-7교시,ANGKO-03,앙꼬3(나윤),심화 워크북 8차시,배송완료,완료,최현우 선생님
CAL-0111,SCH-021,지혜중학교,중등,경기,1,6,2026-04-08,수요일,1-2교시,ANGKO-02,앙꼬2(현지),"오리엔테이션 워크북, 명찰 53장, 포스트잇 5색",배송완료,완료,조서연 선생님
CAL-0112,SCH-021,지혜중학교,중등,경기,2,6,2026-04-15,수요일,1-2교시,ANGKO-02,앙꼬2(현지),"아이디어 발상 카드, 워크북 2차시, A3 도화지",배송완료,완료,조서연 선생님
CAL-0113,SCH-021,지혜중학교,중등,경기,3,6,2026-04-22,수요일,1-2교시,ANGKO-02,앙꼬2(현지),"비즈니스 모델 캔버스, 색연필 세트, 워크북 3차시",배송완료,완료,조서연 선생님
CAL-0114,SCH-021,지혜중학교,중등,경기,4,6,2026-04-29,수요일,1-2교시,ANGKO-02,앙꼬2(현지),"프로토타입 재료(레고/지점토), 워크북 4차시",배송완료,완료,조서연 선생님
CAL-0115,SCH-021,지혜중학교,중등,경기,5,6,2026-05-06,수요일,1-2교시,ANGKO-02,앙꼬2(현지),"발표 자료 인쇄, 평가표, 워크북 5차시",배송완료,완료,조서연 선생님
CAL-0116,SCH-021,지혜중학교,중등,경기,6,6,2026-05-13,수요일,1-2교시,ANGKO-02,앙꼬2(현지),"최종 발표 워크북, 수료증 양식, 스티커",배송완료,완료,조서연 선생님
CAL-0117,SCH-022,보람중학교,중등,경기,1,8,2026-03-11,수요일,3-4교시,ANGKO-03,앙꼬3(나윤),"오리엔테이션 워크북, 명찰 53장, 포스트잇 5색",배송완료,완료,정유진 선생님
CAL-0118,SCH-022,보람중학교,중등,경기,2,8,2026-03-18,수요일,3-4교시,ANGKO-03,앙꼬3(나윤),"아이디어 발상 카드, 워크북 2차시, A3 도화지",배송완료,완료,정유진 선생님
CAL-0119,SCH-022,보람중학교,중등,경기,3,8,2026-03-25,수요일,3-4교시,ANGKO-03,앙꼬3(나윤),"비즈니스 모델 캔버스, 색연필 세트, 워크북 3차시",배송완료,완료,정유진 선생님
CAL-0120,SCH-022,보람중학교,중등,경기,4,8,2026-04-01,수요일,3-4교시,ANGKO-03,앙꼬3(나윤),"프로토타입 재료(레고/지점토), 워크북 4차시",배송완료,완료,정유진 선생님
CAL-0121,SCH-022,보람중학교,중등,경기,5,8,2026-04-08,수요일,3-4교시,ANGKO-03,앙꼬3(나윤),"발표 자료 인쇄, 평가표, 워크북 5차시",배송완료,완료,정유진 선생님
CAL-0122,SCH-022,보람중학교,중등,경기,6,8,2026-04-15,수요일,3-4교시,ANGKO-03,앙꼬3(나윤),"최종 발표 워크북, 수료증 양식, 스티커",배송완료,완료,정유진 선생님
CAL-0123,SCH-022,보람중학교,중등,경기,7,8,2026-04-22,수요일,3-4교시,ANGKO-03,앙꼬3(나윤),심화 워크북 7차시,배송완료,완료,정유진 선생님
CAL-0124,SCH-022,보람중학교,중등,경기,8,8,2026-04-29,수요일,3-4교시,ANGKO-03,앙꼬3(나윤),심화 워크북 8차시,배송완료,완료,정유진 선생님
CAL-0125,SCH-023,사랑중학교,중등,인천,1,6,2026-04-08,수요일,1-2교시,ANGKO-02,앙꼬2(현지),"오리엔테이션 워크북, 명찰 53장, 포스트잇 5색",배송완료,완료,이성민 선생님
CAL-0126,SCH-023,사랑중학교,중등,인천,2,6,2026-04-15,수요일,1-2교시,ANGKO-02,앙꼬2(현지),"아이디어 발상 카드, 워크북 2차시, A3 도화지",배송완료,완료,이성민 선생님
CAL-0127,SCH-023,사랑중학교,중등,인천,3,6,2026-04-22,수요일,1-2교시,ANGKO-02,앙꼬2(현지),"비즈니스 모델 캔버스, 색연필 세트, 워크북 3차시",배송완료,완료,이성민 선생님
CAL-0128,SCH-023,사랑중학교,중등,인천,4,6,2026-04-29,수요일,1-2교시,ANGKO-02,앙꼬2(현지),"프로토타입 재료(레고/지점토), 워크북 4차시",배송완료,완료,이성민 선생님
CAL-0129,SCH-023,사랑중학교,중등,인천,5,6,2026-05-13,수요일,1-2교시,ANGKO-02,앙꼬2(현지),"발표 자료 인쇄, 평가표, 워크북 5차시",배송완료,완료,이성민 선생님
CAL-0130,SCH-023,사랑중학교,중등,인천,6,6,2026-05-20,수요일,1-2교시,ANGKO-02,앙꼬2(현지),"최종 발표 워크북, 수료증 양식, 스티커",발송준비중,예정,이성민 선생님
CAL-0131,SCH-024,기쁨중학교,중등,인천,1,6,2026-03-11,수요일,1-2교시,ANGKO-03,앙꼬3(나윤),"오리엔테이션 워크북, 명찰 53장, 포스트잇 5색",배송완료,완료,조혜진 선생님
CAL-0132,SCH-024,기쁨중학교,중등,인천,2,6,2026-03-18,수요일,1-2교시,ANGKO-03,앙꼬3(나윤),"아이디어 발상 카드, 워크북 2차시, A3 도화지",배송완료,완료,조혜진 선생님
CAL-0133,SCH-024,기쁨중학교,중등,인천,3,6,2026-03-25,수요일,1-2교시,ANGKO-03,앙꼬3(나윤),"비즈니스 모델 캔버스, 색연필 세트, 워크북 3차시",배송완료,완료,조혜진 선생님
CAL-0134,SCH-024,기쁨중학교,중등,인천,4,6,2026-04-01,수요일,1-2교시,ANGKO-03,앙꼬3(나윤),"프로토타입 재료(레고/지점토), 워크북 4차시",배송완료,완료,조혜진 선생님
CAL-0135,SCH-024,기쁨중학교,중등,인천,5,6,2026-04-08,수요일,1-2교시,ANGKO-03,앙꼬3(나윤),"발표 자료 인쇄, 평가표, 워크북 5차시",배송완료,완료,조혜진 선생님
CAL-0136,SCH-024,기쁨중학교,중등,인천,6,6,2026-04-15,수요일,1-2교시,ANGKO-03,앙꼬3(나윤),"최종 발표 워크북, 수료증 양식, 스티커",배송완료,완료,조혜진 선생님
CAL-0137,SCH-025,고운중학교,중등,인천,1,6,2026-03-11,수요일,3-4교시,ANGKO-03,앙꼬3(나윤),"오리엔테이션 워크북, 명찰 53장, 포스트잇 5색",배송완료,완료,김지훈 선생님
CAL-0138,SCH-025,고운중학교,중등,인천,2,6,2026-03-18,수요일,3-4교시,ANGKO-03,앙꼬3(나윤),"아이디어 발상 카드, 워크북 2차시, A3 도화지",배송완료,완료,김지훈 선생님
CAL-0139,SCH-025,고운중학교,중등,인천,3,6,2026-03-25,수요일,3-4교시,ANGKO-03,앙꼬3(나윤),"비즈니스 모델 캔버스, 색연필 세트, 워크북 3차시",배송완료,완료,김지훈 선생님
CAL-0140,SCH-025,고운중학교,중등,인천,4,6,2026-04-01,수요일,3-4교시,ANGKO-03,앙꼬3(나윤),"프로토타입 재료(레고/지점토), 워크북 4차시",배송완료,완료,김지훈 선생님
CAL-0141,SCH-025,고운중학교,중등,인천,5,6,2026-04-08,수요일,3-4교시,ANGKO-03,앙꼬3(나윤),"발표 자료 인쇄, 평가표, 워크북 5차시",배송완료,완료,김지훈 선생님
CAL-0142,SCH-025,고운중학교,중등,인천,6,6,2026-04-15,수요일,3-4교시,ANGKO-03,앙꼬3(나윤),"최종 발표 워크북, 수료증 양식, 스티커",배송완료,완료,김지훈 선생님
CAL-0143,SCH-026,이루리중학교,중등,인천,1,6,2026-03-04,수요일,1-2교시,ANGKO-03,앙꼬3(나윤),"오리엔테이션 워크북, 명찰 53장, 포스트잇 5색",배송완료,완료,박수영 선생님
CAL-0144,SCH-026,이루리중학교,중등,인천,2,6,2026-03-11,수요일,1-2교시,ANGKO-03,앙꼬3(나윤),"아이디어 발상 카드, 워크북 2차시, A3 도화지",배송완료,완료,박수영 선생님
CAL-0145,SCH-026,이루리중학교,중등,인천,3,6,2026-03-18,수요일,1-2교시,ANGKO-03,앙꼬3(나윤),"비즈니스 모델 캔버스, 색연필 세트, 워크북 3차시",배송완료,완료,박수영 선생님
CAL-0146,SCH-026,이루리중학교,중등,인천,4,6,2026-03-25,수요일,1-2교시,ANGKO-03,앙꼬3(나윤),"프로토타입 재료(레고/지점토), 워크북 4차시",배송완료,완료,박수영 선생님
CAL-0147,SCH-026,이루리중학교,중등,인천,5,6,2026-04-01,수요일,1-2교시,ANGKO-03,앙꼬3(나윤),"발표 자료 인쇄, 평가표, 워크북 5차시",배송완료,완료,박수영 선생님
CAL-0148,SCH-026,이루리중학교,중등,인천,6,6,2026-04-08,수요일,1-2교시,ANGKO-03,앙꼬3(나윤),"최종 발표 워크북, 수료증 양식, 스티커",배송완료,완료,박수영 선생님
CAL-0149,SCH-027,아름고등학교,고등,부산,1,4,2026-04-01,수요일,1-2교시,ANGKO-04,앙꼬4(소영),"오리엔테이션 워크북, 명찰 53장, 포스트잇 5색",배송완료,완료,임수영 선생님
CAL-0150,SCH-027,아름고등학교,고등,부산,2,4,2026-04-08,수요일,1-2교시,ANGKO-04,앙꼬4(소영),"아이디어 발상 카드, 워크북 2차시, A3 도화지",배송완료,완료,임수영 선생님
CAL-0151,SCH-027,아름고등학교,고등,부산,3,4,2026-04-15,수요일,1-2교시,ANGKO-04,앙꼬4(소영),"비즈니스 모델 캔버스, 색연필 세트, 워크북 3차시",배송완료,완료,임수영 선생님
CAL-0152,SCH-027,아름고등학교,고등,부산,4,4,2026-04-22,수요일,1-2교시,ANGKO-04,앙꼬4(소영),"프로토타입 재료(레고/지점토), 워크북 4차시",배송완료,완료,임수영 선생님
CAL-0153,SCH-028,별빛중학교,중등,부산,1,8,2026-03-11,수요일,6-7교시,ANGKO-04,앙꼬4(소영),"오리엔테이션 워크북, 명찰 53장, 포스트잇 5색",배송완료,완료,박동현 선생님
CAL-0154,SCH-028,별빛중학교,중등,부산,2,8,2026-03-18,수요일,6-7교시,ANGKO-04,앙꼬4(소영),"아이디어 발상 카드, 워크북 2차시, A3 도화지",배송완료,완료,박동현 선생님
CAL-0155,SCH-028,별빛중학교,중등,부산,3,8,2026-03-25,수요일,6-7교시,ANGKO-04,앙꼬4(소영),"비즈니스 모델 캔버스, 색연필 세트, 워크북 3차시",배송완료,완료,박동현 선생님
CAL-0156,SCH-028,별빛중학교,중등,부산,4,8,2026-04-01,수요일,6-7교시,ANGKO-04,앙꼬4(소영),"프로토타입 재료(레고/지점토), 워크북 4차시",배송완료,완료,박동현 선생님
CAL-0157,SCH-028,별빛중학교,중등,부산,5,8,2026-04-08,수요일,6-7교시,ANGKO-04,앙꼬4(소영),"발표 자료 인쇄, 평가표, 워크북 5차시",배송완료,완료,박동현 선생님
CAL-0158,SCH-028,별빛중학교,중등,부산,6,8,2026-04-15,수요일,6-7교시,ANGKO-04,앙꼬4(소영),"최종 발표 워크북, 수료증 양식, 스티커",배송완료,완료,박동현 선생님
CAL-0159,SCH-028,별빛중학교,중등,부산,7,8,2026-04-22,수요일,6-7교시,ANGKO-04,앙꼬4(소영),심화 워크북 7차시,배송완료,완료,박동현 선생님
CAL-0160,SCH-028,별빛중학교,중등,부산,8,8,2026-04-29,수요일,6-7교시,ANGKO-04,앙꼬4(소영),심화 워크북 8차시,배송완료,완료,박동현 선생님
CAL-0161,SCH-029,온누리특성화고,고등,부산,1,6,2026-04-01,수요일,1-2교시,ANGKO-04,앙꼬4(소영),"오리엔테이션 워크북, 명찰 53장, 포스트잇 5색",배송완료,완료,이다은 선생님
CAL-0162,SCH-029,온누리특성화고,고등,부산,2,6,2026-04-08,수요일,1-2교시,ANGKO-04,앙꼬4(소영),"아이디어 발상 카드, 워크북 2차시, A3 도화지",배송완료,완료,이다은 선생님
CAL-0163,SCH-029,온누리특성화고,고등,부산,3,6,2026-04-15,수요일,1-2교시,ANGKO-04,앙꼬4(소영),"비즈니스 모델 캔버스, 색연필 세트, 워크북 3차시",배송완료,완료,이다은 선생님
CAL-0164,SCH-029,온누리특성화고,고등,부산,4,6,2026-04-22,수요일,1-2교시,ANGKO-04,앙꼬4(소영),"프로토타입 재료(레고/지점토), 워크북 4차시",배송완료,완료,이다은 선생님
CAL-0165,SCH-029,온누리특성화고,고등,부산,5,6,2026-04-29,수요일,1-2교시,ANGKO-04,앙꼬4(소영),"발표 자료 인쇄, 평가표, 워크북 5차시",배송완료,완료,이다은 선생님
CAL-0166,SCH-029,온누리특성화고,고등,부산,6,6,2026-05-06,수요일,1-2교시,ANGKO-04,앙꼬4(소영),"최종 발표 워크북, 수료증 양식, 스티커",배송완료,완료,이다은 선생님
CAL-0167,SCH-030,다래중학교,중등,대구,1,6,2026-03-18,수요일,3-4교시,ANGKO-04,앙꼬4(소영),"오리엔테이션 워크북, 명찰 53장, 포스트잇 5색",배송완료,완료,윤동현 선생님
CAL-0168,SCH-030,다래중학교,중등,대구,2,6,2026-03-25,수요일,3-4교시,ANGKO-04,앙꼬4(소영),"아이디어 발상 카드, 워크북 2차시, A3 도화지",배송완료,완료,윤동현 선생님
CAL-0169,SCH-030,다래중학교,중등,대구,3,6,2026-04-01,수요일,3-4교시,ANGKO-04,앙꼬4(소영),"비즈니스 모델 캔버스, 색연필 세트, 워크북 3차시",배송완료,완료,윤동현 선생님
CAL-0170,SCH-030,다래중학교,중등,대구,4,6,2026-04-08,수요일,3-4교시,ANGKO-04,앙꼬4(소영),"프로토타입 재료(레고/지점토), 워크북 4차시",배송완료,완료,윤동현 선생님
CAL-0171,SCH-030,다래중학교,중등,대구,5,6,2026-04-15,수요일,3-4교시,ANGKO-04,앙꼬4(소영),"발표 자료 인쇄, 평가표, 워크북 5차시",배송완료,완료,윤동현 선생님
CAL-0172,SCH-030,다래중학교,중등,대구,6,6,2026-04-22,수요일,3-4교시,ANGKO-04,앙꼬4(소영),"최종 발표 워크북, 수료증 양식, 스티커",배송완료,완료,윤동현 선생님
CAL-0173,SCH-031,들꽃중학교,중등,대구,1,6,2026-03-18,수요일,1-2교시,ANGKO-04,앙꼬4(소영),"오리엔테이션 워크북, 명찰 53장, 포스트잇 5색",배송완료,완료,오예진 선생님
CAL-0174,SCH-031,들꽃중학교,중등,대구,2,6,2026-03-25,수요일,1-2교시,ANGKO-04,앙꼬4(소영),"아이디어 발상 카드, 워크북 2차시, A3 도화지",배송완료,완료,오예진 선생님
CAL-0175,SCH-031,들꽃중학교,중등,대구,3,6,2026-04-01,수요일,1-2교시,ANGKO-04,앙꼬4(소영),"비즈니스 모델 캔버스, 색연필 세트, 워크북 3차시",배송완료,완료,오예진 선생님
CAL-0176,SCH-031,들꽃중학교,중등,대구,4,6,2026-04-08,수요일,1-2교시,ANGKO-04,앙꼬4(소영),"프로토타입 재료(레고/지점토), 워크북 4차시",배송완료,완료,오예진 선생님
CAL-0177,SCH-031,들꽃중학교,중등,대구,5,6,2026-04-15,수요일,1-2교시,ANGKO-04,앙꼬4(소영),"발표 자료 인쇄, 평가표, 워크북 5차시",배송완료,완료,오예진 선생님
CAL-0178,SCH-031,들꽃중학교,중등,대구,6,6,2026-04-22,수요일,1-2교시,ANGKO-04,앙꼬4(소영),"최종 발표 워크북, 수료증 양식, 스티커",배송완료,완료,오예진 선생님
CAL-0179,SCH-032,이슬고등학교,고등,대구,1,6,2026-04-01,수요일,5-6교시,ANGKO-04,앙꼬4(소영),"오리엔테이션 워크북, 명찰 53장, 포스트잇 5색",배송완료,완료,김수영 선생님
CAL-0180,SCH-032,이슬고등학교,고등,대구,2,6,2026-04-08,수요일,5-6교시,ANGKO-04,앙꼬4(소영),"아이디어 발상 카드, 워크북 2차시, A3 도화지",배송완료,완료,김수영 선생님
CAL-0181,SCH-032,이슬고등학교,고등,대구,3,6,2026-04-15,수요일,5-6교시,ANGKO-04,앙꼬4(소영),"비즈니스 모델 캔버스, 색연필 세트, 워크북 3차시",배송완료,완료,김수영 선생님
CAL-0182,SCH-032,이슬고등학교,고등,대구,4,6,2026-04-22,수요일,5-6교시,ANGKO-04,앙꼬4(소영),"프로토타입 재료(레고/지점토), 워크북 4차시",배송완료,완료,김수영 선생님
CAL-0183,SCH-032,이슬고등학교,고등,대구,5,6,2026-04-29,수요일,5-6교시,ANGKO-04,앙꼬4(소영),"발표 자료 인쇄, 평가표, 워크북 5차시",배송완료,완료,김수영 선생님
CAL-0184,SCH-032,이슬고등학교,고등,대구,6,6,2026-05-06,수요일,5-6교시,ANGKO-04,앙꼬4(소영),"최종 발표 워크북, 수료증 양식, 스티커",배송완료,완료,김수영 선생님
CAL-0185,SCH-033,다정고등학교,고등,광주,1,6,2026-04-15,수요일,5-6교시,ANGKO-05,앙꼬5(예린),"오리엔테이션 워크북, 명찰 53장, 포스트잇 5색",배송완료,완료,박유진 선생님
CAL-0186,SCH-033,다정고등학교,고등,광주,2,6,2026-04-22,수요일,5-6교시,ANGKO-05,앙꼬5(예린),"아이디어 발상 카드, 워크북 2차시, A3 도화지",배송완료,완료,박유진 선생님
CAL-0187,SCH-033,다정고등학교,고등,광주,3,6,2026-04-29,수요일,5-6교시,ANGKO-05,앙꼬5(예린),"비즈니스 모델 캔버스, 색연필 세트, 워크북 3차시",배송완료,완료,박유진 선생님
CAL-0188,SCH-033,다정고등학교,고등,광주,4,6,2026-05-06,수요일,5-6교시,ANGKO-05,앙꼬5(예린),"프로토타입 재료(레고/지점토), 워크북 4차시",배송완료,완료,박유진 선생님
CAL-0189,SCH-033,다정고등학교,고등,광주,5,6,2026-05-13,수요일,5-6교시,ANGKO-05,앙꼬5(예린),"발표 자료 인쇄, 평가표, 워크북 5차시",배송완료,완료,박유진 선생님
CAL-0190,SCH-033,다정고등학교,고등,광주,6,6,2026-05-20,수요일,5-6교시,ANGKO-05,앙꼬5(예린),"최종 발표 워크북, 수료증 양식, 스티커",발송완료,예정,박유진 선생님
CAL-0191,SCH-034,솔향고등학교,고등,광주,1,4,2026-04-01,수요일,5-6교시,ANGKO-05,앙꼬5(예린),"오리엔테이션 워크북, 명찰 53장, 포스트잇 5색",배송완료,완료,임예진 선생님
CAL-0192,SCH-034,솔향고등학교,고등,광주,2,4,2026-04-08,수요일,5-6교시,ANGKO-05,앙꼬5(예린),"아이디어 발상 카드, 워크북 2차시, A3 도화지",배송완료,완료,임예진 선생님
CAL-0193,SCH-034,솔향고등학교,고등,광주,3,4,2026-04-15,수요일,5-6교시,ANGKO-05,앙꼬5(예린),"비즈니스 모델 캔버스, 색연필 세트, 워크북 3차시",배송완료,완료,임예진 선생님
CAL-0194,SCH-034,솔향고등학교,고등,광주,4,4,2026-04-22,수요일,5-6교시,ANGKO-05,앙꼬5(예린),"프로토타입 재료(레고/지점토), 워크북 4차시",배송완료,완료,임예진 선생님
CAL-0195,SCH-035,참샘중학교,중등,대전,1,8,2026-03-11,수요일,1-2교시,ANGKO-03,앙꼬3(나윤),"오리엔테이션 워크북, 명찰 53장, 포스트잇 5색",배송완료,완료,강재훈 선생님
CAL-0196,SCH-035,참샘중학교,중등,대전,2,8,2026-03-18,수요일,1-2교시,ANGKO-03,앙꼬3(나윤),"아이디어 발상 카드, 워크북 2차시, A3 도화지",배송완료,완료,강재훈 선생님
CAL-0197,SCH-035,참샘중학교,중등,대전,3,8,2026-03-25,수요일,1-2교시,ANGKO-03,앙꼬3(나윤),"비즈니스 모델 캔버스, 색연필 세트, 워크북 3차시",배송완료,완료,강재훈 선생님
CAL-0198,SCH-035,참샘중학교,중등,대전,4,8,2026-04-01,수요일,1-2교시,ANGKO-03,앙꼬3(나윤),"프로토타입 재료(레고/지점토), 워크북 4차시",배송완료,완료,강재훈 선생님
CAL-0199,SCH-035,참샘중학교,중등,대전,5,8,2026-04-08,수요일,1-2교시,ANGKO-03,앙꼬3(나윤),"발표 자료 인쇄, 평가표, 워크북 5차시",배송완료,완료,강재훈 선생님
CAL-0200,SCH-035,참샘중학교,중등,대전,6,8,2026-04-15,수요일,1-2교시,ANGKO-03,앙꼬3(나윤),"최종 발표 워크북, 수료증 양식, 스티커",배송완료,완료,강재훈 선생님
CAL-0201,SCH-035,참샘중학교,중등,대전,7,8,2026-04-22,수요일,1-2교시,ANGKO-03,앙꼬3(나윤),심화 워크북 7차시,배송완료,완료,강재훈 선생님
CAL-0202,SCH-035,참샘중학교,중등,대전,8,8,2026-04-29,수요일,1-2교시,ANGKO-03,앙꼬3(나윤),심화 워크북 8차시,배송완료,완료,강재훈 선생님
CAL-0203,SCH-036,푸르내특성화고,고등,대전,1,4,2026-03-25,수요일,3-4교시,ANGKO-03,앙꼬3(나윤),"오리엔테이션 워크북, 명찰 53장, 포스트잇 5색",배송완료,완료,오서연 선생님
CAL-0204,SCH-036,푸르내특성화고,고등,대전,2,4,2026-04-08,수요일,3-4교시,ANGKO-03,앙꼬3(나윤),"아이디어 발상 카드, 워크북 2차시, A3 도화지",배송완료,완료,오서연 선생님
CAL-0205,SCH-036,푸르내특성화고,고등,대전,3,4,2026-04-15,수요일,3-4교시,ANGKO-03,앙꼬3(나윤),"비즈니스 모델 캔버스, 색연필 세트, 워크북 3차시",배송완료,완료,오서연 선생님
CAL-0206,SCH-036,푸르내특성화고,고등,대전,4,4,2026-04-22,수요일,3-4교시,ANGKO-03,앙꼬3(나윤),"프로토타입 재료(레고/지점토), 워크북 4차시",배송완료,완료,오서연 선생님
CAL-0207,SCH-037,햇빛고등학교,고등,울산,1,4,2026-04-15,수요일,6-7교시,ANGKO-04,앙꼬4(소영),"오리엔테이션 워크북, 명찰 53장, 포스트잇 5색",배송완료,완료,김태영 선생님
CAL-0208,SCH-037,햇빛고등학교,고등,울산,2,4,2026-04-22,수요일,6-7교시,ANGKO-04,앙꼬4(소영),"아이디어 발상 카드, 워크북 2차시, A3 도화지",배송완료,완료,김태영 선생님
CAL-0209,SCH-037,햇빛고등학교,고등,울산,3,4,2026-04-29,수요일,6-7교시,ANGKO-04,앙꼬4(소영),"비즈니스 모델 캔버스, 색연필 세트, 워크북 3차시",배송완료,완료,김태영 선생님
CAL-0210,SCH-037,햇빛고등학교,고등,울산,4,4,2026-05-06,수요일,6-7교시,ANGKO-04,앙꼬4(소영),"프로토타입 재료(레고/지점토), 워크북 4차시",배송완료,완료,김태영 선생님
CAL-0211,SCH-038,수린고등학교,고등,울산,1,6,2026-04-15,수요일,3-4교시,ANGKO-04,앙꼬4(소영),"오리엔테이션 워크북, 명찰 53장, 포스트잇 5색",배송완료,완료,김다은 선생님
CAL-0212,SCH-038,수린고등학교,고등,울산,2,6,2026-04-22,수요일,3-4교시,ANGKO-04,앙꼬4(소영),"아이디어 발상 카드, 워크북 2차시, A3 도화지",배송완료,완료,김다은 선생님
CAL-0213,SCH-038,수린고등학교,고등,울산,3,6,2026-04-29,수요일,3-4교시,ANGKO-04,앙꼬4(소영),"비즈니스 모델 캔버스, 색연필 세트, 워크북 3차시",배송완료,완료,김다은 선생님
CAL-0214,SCH-038,수린고등학교,고등,울산,4,6,2026-05-06,수요일,3-4교시,ANGKO-04,앙꼬4(소영),"프로토타입 재료(레고/지점토), 워크북 4차시",배송완료,완료,김다은 선생님
CAL-0215,SCH-038,수린고등학교,고등,울산,5,6,2026-05-13,수요일,3-4교시,ANGKO-04,앙꼬4(소영),"발표 자료 인쇄, 평가표, 워크북 5차시",배송완료,완료,김다은 선생님
CAL-0216,SCH-038,수린고등학교,고등,울산,6,6,2026-05-27,수요일,3-4교시,ANGKO-04,앙꼬4(소영),"최종 발표 워크북, 수료증 양식, 스티커",미발송,예정,김다은 선생님
CAL-0217,SCH-039,다인중학교,중등,세종,1,8,2026-04-08,수요일,6-7교시,ANGKO-03,앙꼬3(나윤),"오리엔테이션 워크북, 명찰 53장, 포스트잇 5색",배송완료,완료,한서연 선생님
CAL-0218,SCH-039,다인중학교,중등,세종,2,8,2026-04-15,수요일,6-7교시,ANGKO-03,앙꼬3(나윤),"아이디어 발상 카드, 워크북 2차시, A3 도화지",배송완료,완료,한서연 선생님
CAL-0219,SCH-039,다인중학교,중등,세종,3,8,2026-04-22,수요일,6-7교시,ANGKO-03,앙꼬3(나윤),"비즈니스 모델 캔버스, 색연필 세트, 워크북 3차시",배송완료,완료,한서연 선생님
CAL-0220,SCH-039,다인중학교,중등,세종,4,8,2026-04-29,수요일,6-7교시,ANGKO-03,앙꼬3(나윤),"프로토타입 재료(레고/지점토), 워크북 4차시",배송완료,완료,한서연 선생님
CAL-0221,SCH-039,다인중학교,중등,세종,5,8,2026-05-06,수요일,6-7교시,ANGKO-03,앙꼬3(나윤),"발표 자료 인쇄, 평가표, 워크북 5차시",배송완료,완료,한서연 선생님
CAL-0222,SCH-039,다인중학교,중등,세종,6,8,2026-05-13,수요일,6-7교시,ANGKO-03,앙꼬3(나윤),"최종 발표 워크북, 수료증 양식, 스티커",배송완료,완료,한서연 선생님
CAL-0223,SCH-039,다인중학교,중등,세종,7,8,2026-05-20,수요일,6-7교시,ANGKO-03,앙꼬3(나윤),심화 워크북 7차시,미발송,예정,한서연 선생님
CAL-0224,SCH-039,다인중학교,중등,세종,8,8,2026-05-27,수요일,6-7교시,ANGKO-03,앙꼬3(나윤),심화 워크북 8차시,미발송,예정,한서연 선생님
CAL-0225,SCH-040,윤슬중학교,중등,세종,1,8,2026-03-04,수요일,6-7교시,ANGKO-03,앙꼬3(나윤),"오리엔테이션 워크북, 명찰 53장, 포스트잇 5색",배송완료,완료,강서연 선생님
CAL-0226,SCH-040,윤슬중학교,중등,세종,2,8,2026-03-11,수요일,6-7교시,ANGKO-03,앙꼬3(나윤),"아이디어 발상 카드, 워크북 2차시, A3 도화지",배송완료,완료,강서연 선생님
CAL-0227,SCH-040,윤슬중학교,중등,세종,3,8,2026-03-18,수요일,6-7교시,ANGKO-03,앙꼬3(나윤),"비즈니스 모델 캔버스, 색연필 세트, 워크북 3차시",배송완료,완료,강서연 선생님
CAL-0228,SCH-040,윤슬중학교,중등,세종,4,8,2026-03-25,수요일,6-7교시,ANGKO-03,앙꼬3(나윤),"프로토타입 재료(레고/지점토), 워크북 4차시",배송완료,완료,강서연 선생님
CAL-0229,SCH-040,윤슬중학교,중등,세종,5,8,2026-04-01,수요일,6-7교시,ANGKO-03,앙꼬3(나윤),"발표 자료 인쇄, 평가표, 워크북 5차시",배송완료,완료,강서연 선생님
CAL-0230,SCH-040,윤슬중학교,중등,세종,6,8,2026-04-08,수요일,6-7교시,ANGKO-03,앙꼬3(나윤),"최종 발표 워크북, 수료증 양식, 스티커",배송완료,완료,강서연 선생님
CAL-0231,SCH-040,윤슬중학교,중등,세종,7,8,2026-04-15,수요일,6-7교시,ANGKO-03,앙꼬3(나윤),심화 워크북 7차시,배송완료,완료,강서연 선생님
CAL-0232,SCH-040,윤슬중학교,중등,세종,8,8,2026-04-22,수요일,6-7교시,ANGKO-03,앙꼬3(나윤),심화 워크북 8차시,배송완료,완료,강서연 선생님
CAL-0233,SCH-041,라온중학교,중등,강원,1,6,2026-04-08,수요일,1-2교시,ANGKO-05,앙꼬5(예린),"오리엔테이션 워크북, 명찰 53장, 포스트잇 5색",배송완료,완료,장다은 선생님
CAL-0234,SCH-041,라온중학교,중등,강원,2,6,2026-04-15,수요일,1-2교시,ANGKO-05,앙꼬5(예린),"아이디어 발상 카드, 워크북 2차시, A3 도화지",배송완료,완료,장다은 선생님
CAL-0235,SCH-041,라온중학교,중등,강원,3,6,2026-04-29,수요일,1-2교시,ANGKO-05,앙꼬5(예린),"비즈니스 모델 캔버스, 색연필 세트, 워크북 3차시",배송완료,완료,장다은 선생님
CAL-0236,SCH-041,라온중학교,중등,강원,4,6,2026-05-06,수요일,1-2교시,ANGKO-05,앙꼬5(예린),"프로토타입 재료(레고/지점토), 워크북 4차시",배송완료,완료,장다은 선생님
CAL-0237,SCH-041,라온중학교,중등,강원,5,6,2026-05-13,수요일,1-2교시,ANGKO-05,앙꼬5(예린),"발표 자료 인쇄, 평가표, 워크북 5차시",배송완료,완료,장다은 선생님
CAL-0238,SCH-041,라온중학교,중등,강원,6,6,2026-05-20,수요일,1-2교시,ANGKO-05,앙꼬5(예린),"최종 발표 워크북, 수료증 양식, 스티커",미발송,예정,장다은 선생님
CAL-0239,SCH-042,도현중학교,중등,강원,1,6,2026-04-08,수요일,5-6교시,ANGKO-05,앙꼬5(예린),"오리엔테이션 워크북, 명찰 53장, 포스트잇 5색",배송완료,완료,한재훈 선생님
CAL-0240,SCH-042,도현중학교,중등,강원,2,6,2026-04-15,수요일,5-6교시,ANGKO-05,앙꼬5(예린),"아이디어 발상 카드, 워크북 2차시, A3 도화지",배송완료,완료,한재훈 선생님
CAL-0241,SCH-042,도현중학교,중등,강원,3,6,2026-04-29,수요일,5-6교시,ANGKO-05,앙꼬5(예린),"비즈니스 모델 캔버스, 색연필 세트, 워크북 3차시",배송완료,완료,한재훈 선생님
CAL-0242,SCH-042,도현중학교,중등,강원,4,6,2026-05-06,수요일,5-6교시,ANGKO-05,앙꼬5(예린),"프로토타입 재료(레고/지점토), 워크북 4차시",배송완료,완료,한재훈 선생님
CAL-0243,SCH-042,도현중학교,중등,강원,5,6,2026-05-13,수요일,5-6교시,ANGKO-05,앙꼬5(예린),"발표 자료 인쇄, 평가표, 워크북 5차시",배송완료,완료,한재훈 선생님
CAL-0244,SCH-042,도현중학교,중등,강원,6,6,2026-05-20,수요일,5-6교시,ANGKO-05,앙꼬5(예린),"최종 발표 워크북, 수료증 양식, 스티커",발송준비중,예정,한재훈 선생님
CAL-0245,SCH-043,예솔고등학교,고등,충북,1,6,2026-04-08,수요일,3-4교시,ANGKO-03,앙꼬3(나윤),"오리엔테이션 워크북, 명찰 53장, 포스트잇 5색",배송완료,완료,임동현 선생님
CAL-0246,SCH-043,예솔고등학교,고등,충북,2,6,2026-04-15,수요일,3-4교시,ANGKO-03,앙꼬3(나윤),"아이디어 발상 카드, 워크북 2차시, A3 도화지",배송완료,완료,임동현 선생님
CAL-0247,SCH-043,예솔고등학교,고등,충북,3,6,2026-04-22,수요일,3-4교시,ANGKO-03,앙꼬3(나윤),"비즈니스 모델 캔버스, 색연필 세트, 워크북 3차시",배송완료,완료,임동현 선생님
CAL-0248,SCH-043,예솔고등학교,고등,충북,4,6,2026-04-29,수요일,3-4교시,ANGKO-03,앙꼬3(나윤),"프로토타입 재료(레고/지점토), 워크북 4차시",배송완료,완료,임동현 선생님
CAL-0249,SCH-043,예솔고등학교,고등,충북,5,6,2026-05-06,수요일,3-4교시,ANGKO-03,앙꼬3(나윤),"발표 자료 인쇄, 평가표, 워크북 5차시",배송완료,완료,임동현 선생님
CAL-0250,SCH-043,예솔고등학교,고등,충북,6,6,2026-05-13,수요일,3-4교시,ANGKO-03,앙꼬3(나윤),"최종 발표 워크북, 수료증 양식, 스티커",배송완료,완료,임동현 선생님
CAL-0251,SCH-044,주안고등학교,고등,충북,1,4,2026-03-25,수요일,5-6교시,ANGKO-03,앙꼬3(나윤),"오리엔테이션 워크북, 명찰 53장, 포스트잇 5색",배송완료,완료,윤유진 선생님
CAL-0252,SCH-044,주안고등학교,고등,충북,2,4,2026-04-01,수요일,5-6교시,ANGKO-03,앙꼬3(나윤),"아이디어 발상 카드, 워크북 2차시, A3 도화지",배송완료,완료,윤유진 선생님
CAL-0253,SCH-044,주안고등학교,고등,충북,3,4,2026-04-08,수요일,5-6교시,ANGKO-03,앙꼬3(나윤),"비즈니스 모델 캔버스, 색연필 세트, 워크북 3차시",배송완료,완료,윤유진 선생님
CAL-0254,SCH-044,주안고등학교,고등,충북,4,4,2026-04-22,수요일,5-6교시,ANGKO-03,앙꼬3(나윤),"프로토타입 재료(레고/지점토), 워크북 4차시",배송완료,완료,윤유진 선생님
CAL-0255,SCH-045,유담중학교,중등,충남,1,8,2026-04-01,수요일,5-6교시,ANGKO-03,앙꼬3(나윤),"오리엔테이션 워크북, 명찰 53장, 포스트잇 5색",배송완료,완료,이성민 선생님
CAL-0256,SCH-045,유담중학교,중등,충남,2,8,2026-04-08,수요일,5-6교시,ANGKO-03,앙꼬3(나윤),"아이디어 발상 카드, 워크북 2차시, A3 도화지",배송완료,완료,이성민 선생님
CAL-0257,SCH-045,유담중학교,중등,충남,3,8,2026-04-15,수요일,5-6교시,ANGKO-03,앙꼬3(나윤),"비즈니스 모델 캔버스, 색연필 세트, 워크북 3차시",배송완료,완료,이성민 선생님
CAL-0258,SCH-045,유담중학교,중등,충남,4,8,2026-04-22,수요일,5-6교시,ANGKO-03,앙꼬3(나윤),"프로토타입 재료(레고/지점토), 워크북 4차시",배송완료,완료,이성민 선생님
CAL-0259,SCH-045,유담중학교,중등,충남,5,8,2026-05-06,수요일,5-6교시,ANGKO-03,앙꼬3(나윤),"발표 자료 인쇄, 평가표, 워크북 5차시",배송완료,완료,이성민 선생님
CAL-0260,SCH-045,유담중학교,중등,충남,6,8,2026-05-13,수요일,5-6교시,ANGKO-03,앙꼬3(나윤),"최종 발표 워크북, 수료증 양식, 스티커",배송완료,완료,이성민 선생님
CAL-0261,SCH-045,유담중학교,중등,충남,7,8,2026-05-20,수요일,5-6교시,ANGKO-03,앙꼬3(나윤),심화 워크북 7차시,발송완료,예정,이성민 선생님
CAL-0262,SCH-045,유담중학교,중등,충남,8,8,2026-05-27,수요일,5-6교시,ANGKO-03,앙꼬3(나윤),심화 워크북 8차시,미발송,예정,이성민 선생님
CAL-0263,SCH-046,온빛중학교,중등,충남,1,6,2026-03-04,수요일,6-7교시,ANGKO-03,앙꼬3(나윤),"오리엔테이션 워크북, 명찰 53장, 포스트잇 5색",배송완료,완료,임수영 선생님
CAL-0264,SCH-046,온빛중학교,중등,충남,2,6,2026-03-11,수요일,6-7교시,ANGKO-03,앙꼬3(나윤),"아이디어 발상 카드, 워크북 2차시, A3 도화지",배송완료,완료,임수영 선생님
CAL-0265,SCH-046,온빛중학교,중등,충남,3,6,2026-03-18,수요일,6-7교시,ANGKO-03,앙꼬3(나윤),"비즈니스 모델 캔버스, 색연필 세트, 워크북 3차시",배송완료,완료,임수영 선생님
CAL-0266,SCH-046,온빛중학교,중등,충남,4,6,2026-03-25,수요일,6-7교시,ANGKO-03,앙꼬3(나윤),"프로토타입 재료(레고/지점토), 워크북 4차시",배송완료,완료,임수영 선생님
CAL-0267,SCH-046,온빛중학교,중등,충남,5,6,2026-04-01,수요일,6-7교시,ANGKO-03,앙꼬3(나윤),"발표 자료 인쇄, 평가표, 워크북 5차시",배송완료,완료,임수영 선생님
CAL-0268,SCH-046,온빛중학교,중등,충남,6,6,2026-04-08,수요일,6-7교시,ANGKO-03,앙꼬3(나윤),"최종 발표 워크북, 수료증 양식, 스티커",배송완료,완료,임수영 선생님
CAL-0269,SCH-047,한들고등학교,고등,전북,1,6,2026-03-25,수요일,3-4교시,ANGKO-05,앙꼬5(예린),"오리엔테이션 워크북, 명찰 53장, 포스트잇 5색",배송완료,완료,한민지 선생님
CAL-0270,SCH-047,한들고등학교,고등,전북,2,6,2026-04-01,수요일,3-4교시,ANGKO-05,앙꼬5(예린),"아이디어 발상 카드, 워크북 2차시, A3 도화지",배송완료,완료,한민지 선생님
CAL-0271,SCH-047,한들고등학교,고등,전북,3,6,2026-04-08,수요일,3-4교시,ANGKO-05,앙꼬5(예린),"비즈니스 모델 캔버스, 색연필 세트, 워크북 3차시",배송완료,완료,한민지 선생님
CAL-0272,SCH-047,한들고등학교,고등,전북,4,6,2026-04-15,수요일,3-4교시,ANGKO-05,앙꼬5(예린),"프로토타입 재료(레고/지점토), 워크북 4차시",배송완료,완료,한민지 선생님
CAL-0273,SCH-047,한들고등학교,고등,전북,5,6,2026-04-22,수요일,3-4교시,ANGKO-05,앙꼬5(예린),"발표 자료 인쇄, 평가표, 워크북 5차시",배송완료,완료,한민지 선생님
CAL-0274,SCH-047,한들고등학교,고등,전북,6,6,2026-04-29,수요일,3-4교시,ANGKO-05,앙꼬5(예린),"최종 발표 워크북, 수료증 양식, 스티커",배송완료,완료,한민지 선생님
CAL-0275,SCH-048,다온고등학교,고등,전북,1,6,2026-03-04,수요일,3-4교시,ANGKO-05,앙꼬5(예린),"오리엔테이션 워크북, 명찰 53장, 포스트잇 5색",배송완료,완료,이유진 선생님
CAL-0276,SCH-048,다온고등학교,고등,전북,2,6,2026-03-11,수요일,3-4교시,ANGKO-05,앙꼬5(예린),"아이디어 발상 카드, 워크북 2차시, A3 도화지",배송완료,완료,이유진 선생님
CAL-0277,SCH-048,다온고등학교,고등,전북,3,6,2026-03-18,수요일,3-4교시,ANGKO-05,앙꼬5(예린),"비즈니스 모델 캔버스, 색연필 세트, 워크북 3차시",배송완료,완료,이유진 선생님
CAL-0278,SCH-048,다온고등학교,고등,전북,4,6,2026-03-25,수요일,3-4교시,ANGKO-05,앙꼬5(예린),"프로토타입 재료(레고/지점토), 워크북 4차시",배송완료,완료,이유진 선생님
CAL-0279,SCH-048,다온고등학교,고등,전북,5,6,2026-04-01,수요일,3-4교시,ANGKO-05,앙꼬5(예린),"발표 자료 인쇄, 평가표, 워크북 5차시",배송완료,완료,이유진 선생님
CAL-0280,SCH-048,다온고등학교,고등,전북,6,6,2026-04-08,수요일,3-4교시,ANGKO-05,앙꼬5(예린),"최종 발표 워크북, 수료증 양식, 스티커",배송완료,완료,이유진 선생님
CAL-0281,SCH-049,마루고등학교,고등,전남,1,6,2026-04-15,수요일,6-7교시,ANGKO-05,앙꼬5(예린),"오리엔테이션 워크북, 명찰 53장, 포스트잇 5색",배송완료,완료,박태영 선생님
CAL-0282,SCH-049,마루고등학교,고등,전남,2,6,2026-04-22,수요일,6-7교시,ANGKO-05,앙꼬5(예린),"아이디어 발상 카드, 워크북 2차시, A3 도화지",배송완료,완료,박태영 선생님
CAL-0283,SCH-049,마루고등학교,고등,전남,3,6,2026-04-29,수요일,6-7교시,ANGKO-05,앙꼬5(예린),"비즈니스 모델 캔버스, 색연필 세트, 워크북 3차시",배송완료,완료,박태영 선생님
CAL-0284,SCH-049,마루고등학교,고등,전남,4,6,2026-05-06,수요일,6-7교시,ANGKO-05,앙꼬5(예린),"프로토타입 재료(레고/지점토), 워크북 4차시",배송완료,완료,박태영 선생님
CAL-0285,SCH-049,마루고등학교,고등,전남,5,6,2026-05-13,수요일,6-7교시,ANGKO-05,앙꼬5(예린),"발표 자료 인쇄, 평가표, 워크북 5차시",배송완료,완료,박태영 선생님
CAL-0286,SCH-049,마루고등학교,고등,전남,6,6,2026-05-20,수요일,6-7교시,ANGKO-05,앙꼬5(예린),"최종 발표 워크북, 수료증 양식, 스티커",미발송,예정,박태영 선생님
CAL-0287,SCH-050,솔빛고등학교,고등,전남,1,4,2026-03-18,수요일,1-2교시,ANGKO-05,앙꼬5(예린),"오리엔테이션 워크북, 명찰 53장, 포스트잇 5색",배송완료,완료,오동현 선생님
CAL-0288,SCH-050,솔빛고등학교,고등,전남,2,4,2026-03-25,수요일,1-2교시,ANGKO-05,앙꼬5(예린),"아이디어 발상 카드, 워크북 2차시, A3 도화지",배송완료,완료,오동현 선생님
CAL-0289,SCH-050,솔빛고등학교,고등,전남,3,4,2026-04-01,수요일,1-2교시,ANGKO-05,앙꼬5(예린),"비즈니스 모델 캔버스, 색연필 세트, 워크북 3차시",배송완료,완료,오동현 선생님
CAL-0290,SCH-050,솔빛고등학교,고등,전남,4,4,2026-04-08,수요일,1-2교시,ANGKO-05,앙꼬5(예린),"프로토타입 재료(레고/지점토), 워크북 4차시",배송완료,완료,오동현 선생님
CAL-0291,SCH-051,수빛중학교,중등,경북,1,6,2026-03-11,수요일,3-4교시,ANGKO-04,앙꼬4(소영),"오리엔테이션 워크북, 명찰 53장, 포스트잇 5색",배송완료,완료,오다은 선생님
CAL-0292,SCH-051,수빛중학교,중등,경북,2,6,2026-03-18,수요일,3-4교시,ANGKO-04,앙꼬4(소영),"아이디어 발상 카드, 워크북 2차시, A3 도화지",배송완료,완료,오다은 선생님
CAL-0293,SCH-051,수빛중학교,중등,경북,3,6,2026-03-25,수요일,3-4교시,ANGKO-04,앙꼬4(소영),"비즈니스 모델 캔버스, 색연필 세트, 워크북 3차시",배송완료,완료,오다은 선생님
CAL-0294,SCH-051,수빛중학교,중등,경북,4,6,2026-04-01,수요일,3-4교시,ANGKO-04,앙꼬4(소영),"프로토타입 재료(레고/지점토), 워크북 4차시",배송완료,완료,오다은 선생님
CAL-0295,SCH-051,수빛중학교,중등,경북,5,6,2026-04-08,수요일,3-4교시,ANGKO-04,앙꼬4(소영),"발표 자료 인쇄, 평가표, 워크북 5차시",배송완료,완료,오다은 선생님
CAL-0296,SCH-051,수빛중학교,중등,경북,6,6,2026-04-15,수요일,3-4교시,ANGKO-04,앙꼬4(소영),"최종 발표 워크북, 수료증 양식, 스티커",배송완료,완료,오다은 선생님
CAL-0297,SCH-052,샘말중학교,중등,경북,1,6,2026-03-11,수요일,6-7교시,ANGKO-04,앙꼬4(소영),"오리엔테이션 워크북, 명찰 53장, 포스트잇 5색",배송완료,완료,임민지 선생님
CAL-0298,SCH-052,샘말중학교,중등,경북,2,6,2026-03-18,수요일,6-7교시,ANGKO-04,앙꼬4(소영),"아이디어 발상 카드, 워크북 2차시, A3 도화지",배송완료,완료,임민지 선생님
CAL-0299,SCH-052,샘말중학교,중등,경북,3,6,2026-03-25,수요일,6-7교시,ANGKO-04,앙꼬4(소영),"비즈니스 모델 캔버스, 색연필 세트, 워크북 3차시",배송완료,완료,임민지 선생님
CAL-0300,SCH-052,샘말중학교,중등,경북,4,6,2026-04-01,수요일,6-7교시,ANGKO-04,앙꼬4(소영),"프로토타입 재료(레고/지점토), 워크북 4차시",배송완료,완료,임민지 선생님
CAL-0301,SCH-052,샘말중학교,중등,경북,5,6,2026-04-08,수요일,6-7교시,ANGKO-04,앙꼬4(소영),"발표 자료 인쇄, 평가표, 워크북 5차시",배송완료,완료,임민지 선생님
CAL-0302,SCH-052,샘말중학교,중등,경북,6,6,2026-04-15,수요일,6-7교시,ANGKO-04,앙꼬4(소영),"최종 발표 워크북, 수료증 양식, 스티커",배송완료,완료,임민지 선생님
CAL-0303,SCH-053,다르내중학교,중등,경남,1,8,2026-04-15,수요일,3-4교시,ANGKO-04,앙꼬4(소영),"오리엔테이션 워크북, 명찰 53장, 포스트잇 5색",배송완료,완료,윤성민 선생님
CAL-0304,SCH-053,다르내중학교,중등,경남,2,8,2026-04-22,수요일,3-4교시,ANGKO-04,앙꼬4(소영),"아이디어 발상 카드, 워크북 2차시, A3 도화지",배송완료,완료,윤성민 선생님
CAL-0305,SCH-053,다르내중학교,중등,경남,3,8,2026-04-29,수요일,3-4교시,ANGKO-04,앙꼬4(소영),"비즈니스 모델 캔버스, 색연필 세트, 워크북 3차시",배송완료,완료,윤성민 선생님
CAL-0306,SCH-053,다르내중학교,중등,경남,4,8,2026-05-06,수요일,3-4교시,ANGKO-04,앙꼬4(소영),"프로토타입 재료(레고/지점토), 워크북 4차시",배송완료,완료,윤성민 선생님
CAL-0307,SCH-053,다르내중학교,중등,경남,5,8,2026-05-13,수요일,3-4교시,ANGKO-04,앙꼬4(소영),"발표 자료 인쇄, 평가표, 워크북 5차시",배송완료,완료,윤성민 선생님
CAL-0308,SCH-053,다르내중학교,중등,경남,6,8,2026-05-20,수요일,3-4교시,ANGKO-04,앙꼬4(소영),"최종 발표 워크북, 수료증 양식, 스티커",발송완료,예정,윤성민 선생님
CAL-0309,SCH-053,다르내중학교,중등,경남,7,8,2026-05-27,수요일,3-4교시,ANGKO-04,앙꼬4(소영),심화 워크북 7차시,미발송,예정,윤성민 선생님
CAL-0310,SCH-053,다르내중학교,중등,경남,8,8,2026-06-03,수요일,3-4교시,ANGKO-04,앙꼬4(소영),심화 워크북 8차시,미발송,예정,윤성민 선생님
